ID,タイトル,URL,ソース,文字数,項目数,要約バージョン,作成日時,問題の深刻度
cmezj1jku000jtelql1iem3qd,"Sheafification – The optimal path to mathematical mastery",https://sheafification.com/the-fast-track/,Hacker News,45934,3,8,2025-08-31T10:07:43.710Z,高
cmf14y6ff000zteaaq7skm06m,"A Review of Nim 2: The Good and Bad with Example Code",https://miguel-martin.com/blog/nim2-review,Hacker News,15333,4,8,2025-09-01T13:08:44.427Z,低
cmf2brzrk000gtejs74abwpze,"Next.js Is Infuriating",https://blog.meca.sh/3lxoty3shjc2z,Hacker News,14183,3,8,2025-09-02T09:07:39.344Z,高
cmfonlsw8004ote8u9m0n8npi,"A postmortem of three recent issues",https://www.anthropic.com/engineering/a-postmortem-of-three-recent-issues,Hacker News,13868,4,8,2025-09-18T00:09:41.768Z,低
cmdtm6onu0036te4dn3z850yt,"Introducing Amazon Application Recovery Controller Region switch: A multi-Region application recovery service",https://aws.amazon.com/blogs/aws/introducing-amazon-application-recovery-controller-region-switch-a-multi-region-application-recovery-service/,AWS,12246,3,8,2025-08-02T02:09:23.035Z,高
cmfjrxw9h004ate2sysc12ttm,"Announcing Amazon EC2 M4 and M4 Pro Mac instances",https://aws.amazon.com/blogs/aws/announcing-amazon-ec2-m4-and-m4-pro-mac-instances/,AWS,11651,3,8,2025-09-14T14:12:13.589Z,高
cmfm9pizb000dtenp2pt72b0p,"「文字」というオカルト",https://qiita.com/makotosaekit/items/9c53cf233f5a835b498f,Qiita Popular,11519,1,8,2025-09-16T08:05:08.567Z,高
cme0lemaa003otevwz7i068o4,"Minimize AI hallucinations and deliver up to 99% verification accuracy with Automated Reasoning checks: Now available",https://aws.amazon.com/blogs/aws/minimize-ai-hallucinations-and-deliver-up-to-99-verification-accuracy-with-automated-reasoning-checks-now-available/,AWS,10592,3,8,2025-08-06T23:21:56.818Z,高
cmf1qa2jz001nte74awc2fkbt,"Now Open — AWS Asia Pacific (New Zealand) Region",https://aws.amazon.com/blogs/aws/now-open-aws-asia-pacific-new-zealand-region/,AWS,8405,3,8,2025-09-01T23:05:51.215Z,中
cmdq44jd90037te3tqd3i18cr,"AWS Weekly Roundup: Kiro, AWS Lambda remote debugging, Amazon ECS blue/green deployments, Amazon Bedrock AgentCore, and more (July 21, 2025)",https://aws.amazon.com/blogs/aws/aws-weekly-roundup-kiro-aws-lambda-remote-debugging-amazon-ecs-blue-green-deployments-amazon-bedrock-agentcore-and-more-july-21-2025/,AWS,8260,3,8,2025-07-30T15:20:31.245Z,中
cmf14vqwt000mteaa9o8pt310,"AWS Weekly Roundup: Amazon EC2, Amazon Q Developer, IPv6 updates, and more (September 1, 2025)",https://aws.amazon.com/blogs/aws/aws-weekly-roundup-amazon-ec2-amazon-q-developer-ipv6-updates-and-more-september-1-2025/,AWS,8075,4,8,2025-09-01T13:06:51.006Z,低
cme0lenkh0047tevwz2np6qdz,"OpenAI open weight models now available on AWS",https://aws.amazon.com/blogs/aws/openai-open-weight-models-now-available-on-aws/,AWS,7940,4,8,2025-08-06T23:21:58.482Z,低
cmeta08wc001pte1pg3t4i3z1,"AWS services scale to new heights for Prime Day 2025: key metrics and milestones",https://aws.amazon.com/blogs/aws/aws-services-scale-to-new-heights-for-prime-day-2025-key-metrics-and-milestones/,AWS,7703,3,8,2025-08-27T01:08:09.612Z,低
cmdz56rlt0014tevrvmti7zjn,"Introducing Amazon Elastic VMware Service for running VMware Cloud Foundation on AWS",https://aws.amazon.com/blogs/aws/introducing-amazon-elastic-vmware-service-for-running-vmware-cloud-foundation-on-aws/,AWS,7461,4,8,2025-08-05T23:00:10.433Z,低
cmedhqg2f000ote1zcdf894ry,"Celebrating 10 years of Amazon Aurora innovation",https://aws.amazon.com/blogs/aws/celebrating-10-years-of-amazon-aurora-innovation/,AWS,6990,3,8,2025-08-16T00:00:10.455Z,低
cmdxpqwlv000ytezpp0spcdrz,"AWS Weekly Roundup: Amazon DocumentDB, AWS Lambda, Amazon EC2, and more (August 4, 2025)",https://aws.amazon.com/blogs/aws/aws-weekly-roundup-amazon-documentdb-aws-lambda-amazon-ec2-and-more-august-4-2025/,AWS,6970,4,8,2025-08-04T23:00:10.004Z,低
cmfg73yr5002ctetp7e1apg91,"Accelerate serverless testing with LocalStack integration in VS Code IDE",https://aws.amazon.com/blogs/aws/accelerate-serverless-testing-with-localstack-integration-in-vs-code-ide/,AWS,6726,3,8,2025-09-12T02:05:46.289Z,低
cmfc389080055tegub5w5dm5l,"AWS Weekly Roundup: AWS Transform, Amazon Neptune, and more (September 8, 2025)",https://aws.amazon.com/blogs/aws/aws-weekly-roundup-aws-transform-amazon-neptune-and-more-september-8-2025/,AWS,6678,4,8,2025-09-09T05:06:03.033Z,低
cmeruhj82001ltehnhppa44u5,"AWS Weekly Roundup: Amazon Aurora 10th anniversary, Amazon EC2 R8 instances, Amazon Bedrock and more (August 25, 2025)",https://aws.amazon.com/blogs/aws/aws-weekly-roundup-amazon-aurora-10th-anniversary-amazon-ec2-r8-instances-amazon-bedrock-and-more-august-25-2025/,AWS,6597,3,8,2025-08-26T01:05:56.115Z,低
cmej5gi2x001ste1lguvp33a5,"Best performance and fastest memory with the new Amazon EC2 R8i and R8i-flex instances",https://aws.amazon.com/blogs/aws/best-performance-and-fastest-memory-with-the-new-amazon-ec2-r8i-and-r8i-flex-instances/,AWS,6116,3,8,2025-08-19T23:03:08.170Z,低
cmehq19p3002ctesfmqyn8i0x,"AWS Weekly Roundup: Single GPU P5 instances, Advanced Go Driver, Amazon SageMaker HyperPod and more (August 18, 2025)",https://aws.amazon.com/blogs/aws/aws-weekly-roundup-single-gpu-p5-instances-advanced-go-driver-amazon-sagemaker-hyperpod-and-more-august-18-2025/,AWS,6105,4,8,2025-08-18T23:03:37.047Z,低
cmdtm6qfy003ote4dfwyhin3k,"Amazon DocumentDB Serverless is now available",https://aws.amazon.com/blogs/aws/amazon-documentdb-serverless-is-now-available/,AWS,6028,3,8,2025-08-02T02:09:25.343Z,低
cmflqgag7001jtekpcdihgarz,"AWS named as a Leader in 2025 Gartner Magic Quadrant for Cloud-Native Application Platforms and Container Management",https://aws.amazon.com/blogs/aws/aws-named-as-a-leader-in-2025-gartner-magic-quadrant-for-cloud-native-application-platforms-and-container-management/,AWS,5549,3,8,2025-09-15T23:06:04.904Z,低
cmflqgail001ztekpg5plwn9t,"AWS Weekly Roundup: Strands Agents 1M+ downloads, Cloud Club Captain, AI Agent Hackathon, and more (September 15, 2025)",https://aws.amazon.com/blogs/aws/aws-weekly-roundup-strands-agents-1m-downloads-cloud-club-captain-ai-agent-hackathon-and-more-september-15-2025/,AWS,5462,3,8,2025-09-15T23:06:04.989Z,低
cmea7uml60009ten8a5lhiddj,"Meet our newest AWS Heroes — August 2025",https://aws.amazon.com/blogs/aws/meet-our-newest-aws-heroes-august-2025/,AWS,5378,4,8,2025-08-13T17:00:10.843Z,低
cmdq44kul000vte3tb15nxlvk,"AWS Weekly Roundup: SQS fair queues, CloudWatch generative AI observability, and more (July 28, 2025)",https://aws.amazon.com/blogs/aws/aws-weekly-roundup-sqs-fair-queues-cloudwatch-generative-ai-observability-and-more-july-28-2025/,AWS,5341,4,8,2025-07-30T15:20:33.165Z,低
cme7ptwr20012teibm8rzlotf,"AWS Weekly Roundup: OpenAI models, Automated Reasoning checks, Amazon EVS, and more (August 11, 2025)",https://aws.amazon.com/blogs/aws/aws-weekly-roundup-openai-models-automated-reasoning-checks-amazon-evs-and-more-august-11-2025/,AWS,5093,4,8,2025-08-11T23:00:11.918Z,低
